flight_id,origin,destination,departure_date,base_fare,seats_remaining,capacity,route_demand,season,is_weekend
PA101,Winnipeg,Quebec City,2027-12-06,425.51,218,218,0.97,Vacation,False
PA102,Winnipeg,Quebec City,2027-06-10,350.12,179,288,0.44,Vacation,False
PA103,Ottawa,Quebec City,2027-09-06,261.41,187,197,0.69,Regular,False
PA104,Toronto,Quebec City,2027-11-28,401.67,46,120,0.19,Regular,True
PA105,Edmonton,Montreal,2027-11-18,525.58,151,177,0.31,Regular,False
PA106,Winnipeg,Calgary,2027-12-06,213.92,156,199,0.29,Vacation,False
PA107,Winnipeg,Edmonton,2027-06-23,334.29,24,115,0.73,Vacation,False
PA108,Calgary,Ottawa,2027-07-29,487.51,112,204,1.0,Vacation,False
PA109,Ottawa,Toronto,2027-05-24,560.66,129,274,0.98,Regular,False
PA110,Edmonton,Vancouver,2027-04-28,210.61,73,256,0.04,Regular,False
PA111,Vancouver,Calgary,2027-01-10,304.66,260,292,0.45,Vacation,True
PA112,Toronto,Vancouver,2027-04-17,458.14,248,255,0.99,Regular,True
PA113,Quebec City,Ottawa,2027-04-03,596.38,45,111,0.68,Regular,True
PA114,Toronto,Montreal,2027-11-10,562.49,11,118,0.09,Regular,False
PA115,Quebec City,Vancouver,2027-03-27,443.74,82,221,0.53,Regular,True
PA116,Montreal,Ottawa,2027-02-14,219.0,63,158,0.48,Regular,True
PA117,Ottawa,Calgary,2027-02-18,568.59,30,215,0.88,Regular,False
PA118,Calgary,Quebec City,2027-06-28,267.57,8,177,0.23,Vacation,False
PA119,Winnipeg,Toronto,2027-03-07,451.22,70,186,0.33,Regular,True
PA120,Quebec City,Montreal,2027-01-30,201.35,276,280,0.06,Vacation,True
PA121,Ottawa,Calgary,2027-12-12,431.06,80,140,0.51,Vacation,True
PA122,Vancouver,Edmonton,2027-01-05,446.04,82,102,0.79,Vacation,False
PA123,Calgary,Vancouver,2027-12-30,551.6,27,214,0.52,Vacation,False
PA124,Toronto,Vancouver,2027-07-09,505.52,49,118,0.01,Vacation,True
PA125,Winnipeg,Toronto,2027-09-21,340.97,87,243,0.8,Regular,False
PA126,Ottawa,Calgary,2027-12-06,313.88,102,171,0.4,Vacation,False
PA127,Montreal,Toronto,2027-01-24,581.1,134,136,0.97,Vacation,True
PA128,Toronto,Winnipeg,2027-02-09,363.97,208,289,0.97,Regular,False
PA129,Winnipeg,Edmonton,2027-11-22,523.69,76,167,0.49,Regular,False
PA130,Vancouver,Montreal,2027-10-11,312.77,125,192,0.08,Regular,False
PA131,Vancouver,Edmonton,2027-02-11,560.06,258,268,0.21,Regular,False
PA132,Calgary,Ottawa,2027-11-01,233.91,186,262,0.76,Regular,False
PA133,Quebec City,Calgary,2027-08-03,435.52,83,158,0.84,Vacation,False
PA134,Toronto,Calgary,2027-07-03,347.52,215,217,0.29,Vacation,True
PA135,Toronto,Vancouver,2027-12-05,592.15,227,288,0.23,Vacation,True
PA136,Vancouver,Ottawa,2027-11-23,574.21,8,255,0.41,Regular,False
PA137,Vancouver,Ottawa,2027-06-19,303.52,26,165,0.36,Vacation,True
PA138,Ottawa,Vancouver,2027-02-19,376.57,28,103,0.27,Regular,True
PA139,Calgary,Edmonton,2027-11-28,226.94,170,240,0.48,Regular,True
PA140,Quebec City,Edmonton,2027-02-10,343.66,86,125,0.21,Regular,False
PA141,Calgary,Edmonton,2027-09-11,323.88,137,175,0.5,Regular,True
PA142,Edmonton,Winnipeg,2027-01-02,281.99,162,211,0.69,Vacation,True
PA143,Ottawa,Montreal,2027-12-05,318.76,134,209,0.19,Vacation,True
PA144,Quebec City,Toronto,2027-04-02,517.42,89,192,0.43,Regular,True
PA145,Quebec City,Vancouver,2027-10-06,255.01,0,202,0.13,Regular,False
PA146,Calgary,Ottawa,2027-05-14,516.71,11,218,0.13,Regular,True
PA147,Quebec City,Calgary,2027-12-23,564.71,47,130,0.84,Vacation,False
PA148,Vancouver,Edmonton,2027-06-18,305.66,20,156,0.63,Vacation,True
PA149,Winnipeg,Edmonton,2027-02-17,242.76,116,130,0.88,Regular,False
PA150,Winnipeg,Ottawa,2027-09-09,526.92,272,299,0.07,Regular,False
PA151,Winnipeg,Ottawa,2027-07-01,290.91,174,255,0.17,Vacation,False
PA152,Toronto,Calgary,2027-12-09,435.38,238,270,0.89,Vacation,False
PA153,Quebec City,Edmonton,2027-11-11,511.04,140,154,0.13,Regular,False
PA154,Vancouver,Quebec City,2027-12-12,362.31,100,272,0.53,Vacation,True
PA155,Vancouver,Calgary,2027-03-25,476.12,151,268,0.5,Regular,False
PA156,Calgary,Edmonton,2027-06-19,444.69,35,206,0.49,Vacation,True
PA157,Calgary,Ottawa,2027-10-24,478.01,66,161,0.77,Regular,True
PA158,Montreal,Ottawa,2027-12-31,209.15,93,172,0.19,Vacation,True
PA159,Winnipeg,Vancouver,2027-02-04,233.36,126,286,0.03,Regular,False
PA160,Montreal,Ottawa,2027-01-09,551.58,54,107,0.61,Vacation,True
PA161,Winnipeg,Quebec City,2027-11-24,530.7,68,152,0.84,Regular,False
PA162,Winnipeg,Toronto,2027-02-09,320.33,7,260,0.69,Regular,False
PA163,Winnipeg,Calgary,2027-01-23,521.34,56,140,0.52,Vacation,True
PA164,Toronto,Vancouver,2027-01-14,338.76,168,179,0.63,Vacation,False
PA165,Calgary,Ottawa,2027-02-27,234.27,167,224,0.66,Regular,True
PA166,Winnipeg,Edmonton,2027-07-11,554.49,48,105,0.48,Vacation,True
PA167,Toronto,Calgary,2027-02-03,381.51,152,153,0.19,Regular,False
PA168,Winnipeg,Calgary,2027-09-07,261.95,134,134,0.46,Regular,False
PA169,Winnipeg,Vancouver,2027-01-12,526.86,186,224,0.88,Vacation,False
PA170,Quebec City,Vancouver,2027-06-05,435.55,81,260,0.18,Vacation,True
PA171,Montreal,Edmonton,2027-08-11,588.49,28,190,0.03,Vacation,False
PA172,Edmonton,Quebec City,2027-05-04,276.97,64,123,0.79,Regular,False
PA173,Quebec City,Winnipeg,2027-05-19,273.72,61,267,0.08,Regular,False
PA174,Ottawa,Quebec City,2027-08-24,267.43,30,203,0.31,Vacation,False
PA175,Ottawa,Vancouver,2027-09-11,245.29,99,155,0.7,Regular,True
PA176,Montreal,Toronto,2027-08-18,538.86,276,287,0.63,Vacation,False
PA177,Calgary,Edmonton,2027-03-17,499.17,113,123,0.06,Regular,False
PA178,Toronto,Calgary,2027-04-19,258.13,156,196,0.29,Regular,False
PA179,Montreal,Quebec City,2027-10-25,579.07,84,131,0.21,Regular,False
PA180,Toronto,Quebec City,2027-12-20,494.17,131,143,0.72,Vacation,False
PA181,Calgary,Winnipeg,2027-10-06,246.71,59,286,0.91,Regular,False
PA182,Montreal,Ottawa,2027-03-06,427.95,161,211,0.18,Regular,True
PA183,Quebec City,Montreal,2027-07-20,428.41,167,179,0.57,Vacation,False
PA184,Toronto,Winnipeg,2027-01-04,463.45,152,250,0.8,Vacation,False
PA185,Toronto,Winnipeg,2027-06-05,474.8,84,100,0.38,Vacation,True
PA186,Vancouver,Edmonton,2027-11-30,343.45,8,149,0.38,Regular,False
PA187,Vancouver,Edmonton,2027-02-25,504.95,174,216,0.6,Regular,False
PA188,Toronto,Montreal,2027-08-10,232.96,86,156,0.62,Vacation,False
PA189,Montreal,Toronto,2027-07-30,539.92,224,240,0.36,Vacation,True
PA190,Toronto,Montreal,2027-11-11,464.78,90,139,0.58,Regular,False
PA191,Winnipeg,Edmonton,2027-07-09,311.32,157,196,0.56,Vacation,True
PA192,Toronto,Winnipeg,2027-02-12,266.21,98,246,0.83,Regular,True
PA193,Calgary,Ottawa,2027-05-03,453.72,7,245,0.4,Regular,False
PA194,Calgary,Ottawa,2027-03-18,376.63,244,300,0.48,Regular,False
PA195,Montreal,Calgary,2027-09-09,369.71,126,197,0.19,Regular,False
PA196,Vancouver,Toronto,2027-07-06,545.13,86,152,0.78,Vacation,False
PA197,Quebec City,Calgary,2027-05-15,240.1,84,100,0.41,Regular,True
PA198,Winnipeg,Toronto,2027-04-08,321.67,75,129,0.25,Regular,False
PA199,Winnipeg,Ottawa,2027-07-14,475.74,16,117,0.84,Vacation,False
PA200,Winnipeg,Ottawa,2027-12-19,585.23,218,236,0.51,Vacation,True
PA201,Vancouver,Montreal,2027-02-25,241.89,196,278,0.43,Regular,False
PA202,Quebec City,Montreal,2027-06-28,335.06,226,290,0.1,Vacation,False
PA203,Quebec City,Toronto,2027-12-06,440.55,178,247,0.83,Vacation,False
PA204,Ottawa,Winnipeg,2027-04-16,280.74,225,281,0.72,Regular,True
PA205,Toronto,Calgary,2027-07-20,352.45,56,278,0.07,Vacation,False
PA206,Montreal,Ottawa,2027-12-18,575.2,166,179,0.85,Vacation,True
PA207,Ottawa,Toronto,2027-06-06,228.23,53,105,0.75,Vacation,True
PA208,Calgary,Montreal,2027-03-29,272.47,46,176,0.7,Regular,False
PA209,Vancouver,Winnipeg,2027-12-25,267.04,257,260,0.67,Vacation,True
PA210,Calgary,Ottawa,2027-03-08,344.18,26,114,0.57,Regular,False
PA211,Vancouver,Montreal,2027-08-26,325.86,63,245,0.54,Vacation,False
PA212,Ottawa,Edmonton,2027-10-01,490.15,227,229,0.67,Regular,True
PA213,Quebec City,Edmonton,2027-09-10,301.03,271,282,0.27,Regular,True
PA214,Quebec City,Montreal,2027-03-31,367.22,40,251,0.42,Regular,False
PA215,Toronto,Quebec City,2027-11-26,304.59,32,156,0.56,Regular,True
PA216,Montreal,Vancouver,2027-12-04,384.32,149,169,0.1,Vacation,True
PA217,Montreal,Vancouver,2027-04-22,492.81,60,163,0.57,Regular,False
PA218,Ottawa,Montreal,2027-03-29,362.73,106,156,0.74,Regular,False
PA219,Calgary,Montreal,2027-07-08,542.06,93,220,0.91,Vacation,False
PA220,Edmonton,Winnipeg,2027-06-18,432.65,185,293,0.97,Vacation,True
PA221,Quebec City,Montreal,2027-10-17,354.53,37,278,0.54,Regular,True
PA222,Quebec City,Montreal,2027-12-01,292.95,135,239,0.41,Vacation,False
PA223,Edmonton,Ottawa,2027-04-12,310.79,49,115,0.22,Regular,False
PA224,Toronto,Vancouver,2027-05-30,562.02,60,240,0.81,Regular,True
PA225,Toronto,Calgary,2027-07-26,415.39,60,125,0.25,Vacation,False
PA226,Montreal,Edmonton,2027-02-21,357.12,120,175,0.57,Regular,True
PA227,Montreal,Ottawa,2027-07-31,586.2,7,185,0.14,Vacation,True
PA228,Quebec City,Winnipeg,2027-08-06,586.03,79,114,0.23,Vacation,True
PA229,Winnipeg,Quebec City,2027-08-06,544.14,99,252,0.23,Vacation,True
PA230,Calgary,Quebec City,2027-03-06,530.33,105,160,0.94,Regular,True
PA231,Ottawa,Calgary,2027-06-06,572.97,52,101,0.95,Vacation,True
PA232,Edmonton,Toronto,2027-01-20,250.44,79,118,0.75,Vacation,False
PA233,Montreal,Winnipeg,2027-12-27,502.22,63,116,0.57,Vacation,False
PA234,Ottawa,Vancouver,2027-09-30,282.07,23,112,0.71,Regular,False
PA235,Edmonton,Winnipeg,2027-10-13,315.5,59,249,0.15,Regular,False
PA236,Winnipeg,Edmonton,2027-06-22,465.04,142,172,0.72,Vacation,False
PA237,Vancouver,Quebec City,2027-06-13,511.08,92,105,0.38,Vacation,True
PA238,Quebec City,Edmonton,2027-04-21,481.41,132,158,0.5,Regular,False
PA239,Edmonton,Ottawa,2027-04-28,487.74,49,153,0.84,Regular,False
PA240,Winnipeg,Toronto,2027-07-04,219.99,211,269,0.63,Vacation,True
PA241,Ottawa,Montreal,2027-12-17,551.25,79,107,0.91,Vacation,True
PA242,Vancouver,Ottawa,2027-09-04,560.43,84,159,0.28,Regular,True
PA243,Vancouver,Calgary,2027-04-11,595.73,61,162,0.59,Regular,True
PA244,Edmonton,Quebec City,2027-09-21,231.72,63,122,0.31,Regular,False
PA245,Quebec City,Toronto,2027-04-28,375.31,212,250,0.23,Regular,False
PA246,Montreal,Ottawa,2027-02-03,284.12,6,136,0.53,Regular,False
PA247,Edmonton,Montreal,2027-04-07,330.45,123,247,0.81,Regular,False
PA248,Winnipeg,Ottawa,2027-04-29,254.07,191,255,0.7,Regular,False
PA249,Calgary,Ottawa,2027-12-16,251.67,94,285,0.09,Vacation,False
PA250,Winnipeg,Edmonton,2027-11-05,276.17,78,283,0.17,Regular,True
PA251,Montreal,Quebec City,2027-12-04,526.83,99,146,0.72,Vacation,True
PA252,Vancouver,Edmonton,2027-06-25,205.79,115,170,0.16,Vacation,True
PA253,Montreal,Ottawa,2027-11-25,577.61,66,236,0.91,Regular,False
PA254,Winnipeg,Edmonton,2027-07-14,556.59,81,262,0.04,Vacation,False
PA255,Vancouver,Quebec City,2027-10-31,327.5,86,164,0.28,Regular,True
PA256,Edmonton,Winnipeg,2027-08-22,471.89,8,164,0.1,Vacation,True
PA257,Calgary,Quebec City,2027-12-20,246.4,96,210,0.38,Vacation,False
PA258,Ottawa,Edmonton,2027-01-10,334.43,128,159,0.26,Vacation,True
PA259,Montreal,Toronto,2027-07-15,528.79,215,229,0.87,Vacation,False
PA260,Edmonton,Winnipeg,2027-05-05,578.08,5,287,0.06,Regular,False
PA261,Ottawa,Montreal,2027-11-23,357.59,96,268,0.04,Regular,False
PA262,Calgary,Vancouver,2027-07-30,216.71,129,282,0.25,Vacation,True
PA263,Toronto,Edmonton,2027-12-21,306.12,72,131,0.91,Vacation,False
PA264,Montreal,Toronto,2027-05-01,377.01,60,268,0.31,Regular,True
PA265,Edmonton,Montreal,2027-11-21,236.91,32,227,0.63,Regular,True
PA266,Vancouver,Edmonton,2027-09-29,324.29,254,274,0.28,Regular,False
PA267,Winnipeg,Calgary,2027-10-15,293.12,26,247,0.22,Regular,True
PA268,Calgary,Toronto,2027-07-01,496.07,31,167,0.6,Vacation,False
PA269,Calgary,Quebec City,2027-07-02,595.3,189,227,0.93,Vacation,True
PA270,Edmonton,Ottawa,2027-10-21,421.4,31,129,0.88,Regular,False
PA271,Quebec City,Vancouver,2027-12-26,327.45,4,186,0.64,Vacation,True
PA272,Ottawa,Edmonton,2027-12-08,532.59,127,127,0.56,Vacation,False
PA273,Calgary,Ottawa,2027-01-21,266.61,24,170,0.48,Vacation,False
PA274,Quebec City,Vancouver,2027-06-16,298.56,117,257,0.72,Vacation,False
PA275,Quebec City,Edmonton,2027-11-05,417.44,46,137,0.87,Regular,True
PA276,Toronto,Montreal,2027-01-05,543.65,136,288,0.82,Vacation,False
PA277,Montreal,Calgary,2027-01-07,486.64,103,225,0.83,Vacation,False
PA278,Winnipeg,Montreal,2027-07-17,217.99,4,142,0.7,Vacation,True
PA279,Vancouver,Toronto,2027-04-25,457.32,45,143,0.39,Regular,True
PA280,Montreal,Edmonton,2027-07-02,356.17,75,108,0.79,Vacation,True
PA281,Calgary,Winnipeg,2027-09-10,262.78,42,244,0.34,Regular,True
PA282,Winnipeg,Edmonton,2027-06-18,589.17,90,144,0.04,Vacation,True
PA283,Calgary,Vancouver,2027-01-15,272.3,60,164,0.08,Vacation,True
PA284,Montreal,Winnipeg,2027-08-08,415.58,58,124,0.88,Vacation,True
PA285,Ottawa,Vancouver,2027-04-27,598.43,264,284,0.73,Regular,False
PA286,Toronto,Vancouver,2027-11-01,546.18,65,235,0.16,Regular,False
PA287,Calgary,Winnipeg,2027-08-07,377.21,71,217,0.37,Vacation,True
PA288,Montreal,Quebec City,2027-03-15,205.31,75,127,0.15,Regular,False
PA289,Quebec City,Edmonton,2027-04-26,202.69,136,284,0.08,Regular,False
PA290,Ottawa,Toronto,2027-10-13,261.85,298,299,0.97,Regular,False
PA291,Calgary,Toronto,2027-10-18,425.88,62,138,0.43,Regular,False
PA292,Winnipeg,Calgary,2027-07-26,464.14,39,282,0.51,Vacation,False
PA293,Quebec City,Toronto,2027-08-31,518.23,173,241,0.46,Vacation,False
PA294,Edmonton,Quebec City,2027-09-07,396.39,82,131,0.54,Regular,False
PA295,Quebec City,Ottawa,2027-08-18,441.89,117,142,0.37,Vacation,False
PA296,Ottawa,Calgary,2027-03-09,533.36,209,218,0.96,Regular,False
PA297,Calgary,Ottawa,2027-09-08,319.55,106,115,0.72,Regular,False
PA298,Ottawa,Edmonton,2027-05-24,414.56,134,137,0.27,Regular,False
PA299,Winnipeg,Toronto,2027-10-23,318.07,71,195,0.92,Regular,True
PA300,Ottawa,Winnipeg,2027-07-14,351.13,134,152,0.27,Vacation,False
